{"smiles": "c12ccccc1[P@@](=O)(C=C2)c1ccc(cc1)c1sc(c2sc(c3cnc(s3)c3scc4c3nccn4)nc2)nc1", "mol_features": {"fractioncsp3": 0.0, "no_count": 6, "num_aliphatic_rings": 1, "num_h_donors": 0, "num_h_accetors": 10, "num_rotatable_bonds": 5, "num_hetero_atoms": 11, "heavy_atom_count": 40, "ring_count": 8, "nhoh_count": 0, "num_aliphatic_carbocycles": 0, "num_aliphatic_hetercycles": 1, "num_aromatic_carbocycles": 2, "num_aromatic_heterocycles": 5, "num_aromatic_rings": 7}, "3d_coords": [["C", 9.314422, 0.240896, 0.654702], ["C", 10.155755, 0.400098, -0.452593], ["C", 10.227429, -0.618746, -1.406244], ["C", 9.46869, -1.782641, -1.262939], ["C", 8.618606, -1.945715, -0.162343], ["C", 8.546759, -0.936853, 0.7974], ["P", 7.504887, -0.816034, 2.314754], ["C", 8.252946, 0.828838, 2.709839], ["C", 9.123106, 1.2022, 1.750678], ["C", 5.810747, -0.438689, 1.703351], ["C", 4.716693, -1.134637, 2.240985], ["C", 3.426794, -0.874817, 1.789942], ["C", 3.187003, 0.087204, 0.787298], ["C", 4.294353, 0.781219, 0.252054], ["C", 5.583133, 0.521482, 0.703178], ["O", 7.537729, -1.901183, 3.329], ["H", 9.538212, -2.56759, -2.011689], ["H", 10.746296, 1.305947, -0.56847], ["H", 8.028272, -2.852679, -0.055042], ["H", 9.668651, 2.143983, 1.769609], ["H", 8.025459, 1.44511, 3.574368], ["H", 4.888465, -1.880082, 3.013449], ["H", 6.423962, 1.065913, 0.277055], ["H", 4.142326, 1.528169, -0.522982], ["H", 2.58821, -1.422036, 2.215906], ["N", -7.525749, 1.709189, -2.428636], ["C", -6.186789, 1.646889, -2.168165], ["C", -5.792048, 0.73511, -1.192324], ["S", -7.212304, -0.097948, -0.563763], ["C", -8.218011, 0.854126, -1.670389], ["C", -4.469233, 0.45076, -0.71071], ["S", -3.022764, 1.279589, -1.330708], ["C", -2.036748, 0.325157, -0.224607], ["C", -2.860448, -0.523035, 0.506942], ["N", -4.198153, -0.449353, 0.234972], ["C", -0.608312, 0.476263, -0.165339], ["S", 0.409805, -0.473742, 0.941046], ["C", 1.835234, 0.36089, 0.312179], ["C", 1.428622, 1.265676, -0.658257], ["N", 0.084313, 1.32635, -0.918176], ["H", 2.105089, 1.914931, -1.211403], ["H", -2.49863, -1.219992, 1.261691], ["H", -5.498621, 2.290821, -2.714503], ["C", -9.639595, 0.685537, -1.710621], ["S", -10.702966, 1.581426, -2.769236], ["C", -12.130829, 0.788769, -2.182213], ["C", -11.810163, -0.145246, -1.194825], ["C", -10.394992, -0.204919, -0.925901], ["N", -12.699026, -0.953625, -0.512391], ["C", -12.153762, -1.762717, 0.382434], ["C", -10.74134, -1.818258, 0.646786], ["N", -9.86105, -1.056916, 0.010415], ["H", -12.827351, -2.420828, 0.945409], ["H", -10.358919, -2.513568, 1.403046], ["H", 10.881176, -0.505112, -2.267457], ["H", -13.115142, 1.025723, -2.565964]], "dipole_moments": {"electron": [-40.041, 2.866, -2.572], "nucleus": [39.905, -2.243, 1.667], "total": [-0.137, 0.623, -0.905]}, "polarizations": {"electron": [[-63244.473, 1922.707, -7549.312], [0.0, -1548.38, 1017.167], [0.0, 0.0, -2830.915]], "nucleus": [[63089.616, -1894.011, 7520.7], [0.0, 1356.659, -1012.642], [0.0, 0.0, 2630.476]], "total": [[-154.856, 28.695, -28.612], [0.0, -191.72, 4.525], [0.0, 0.0, -200.439]]}, "loewdin": [-0.138, -0.104, -0.126, -0.132, -0.111, -0.172, 0.648, -0.222, -0.122, -0.227, -0.113, -0.106, -0.136, -0.092, -0.118, -0.27, 0.148, 0.149, 0.153, 0.147, 0.136, 0.159, 0.155, 0.149, 0.146, 0.1, -0.222, -0.382, 0.781, -0.412, -0.415, 0.75, -0.379, -0.221, 0.103, -0.422, 0.723, -0.32, -0.222, 0.104, 0.141, 0.142, 0.142, -0.339, 0.809, -0.332, -0.244, -0.205, 0.168, -0.199, -0.187, 0.159, 0.144, 0.145, 0.148, 0.138], "excited_states": {"singlet": [2.607, 3.236, 3.335, 4.012, 4.128, 4.167, 4.412, 4.479, 4.594, 4.68, 4.724, 4.786, 4.919, 4.92, 4.96, 5.077, 5.145, 5.197, 5.266, 5.359, 5.447, 5.467, 5.493, 5.514, 5.553, 5.575, 5.641, 5.697, 5.712, 5.756, 5.823, 5.898, 5.923, 5.972, 5.973, 5.985, 6.119, 6.125, 6.152, 6.176, 6.21, 6.257, 6.283, 6.416, 6.436, 6.446, 6.463, 6.484, 6.565, 6.58, 6.63, 6.653, 6.664, 6.683, 6.697, 6.753, 6.782, 6.812, 6.824, 6.856, 6.918, 6.922, 6.928, 6.94, 6.96, 6.989, 6.999, 7.009, 7.026, 7.064, 7.067, 7.078, 7.103, 7.134, 7.162, 7.17, 7.194, 7.218, 7.22, 7.223, 7.259, 7.274, 7.292, 7.319, 7.32, 7.33, 7.333, 7.346, 7.375, 7.386, 7.393, 7.397, 7.428, 7.447, 7.458, 7.486, 7.5, 7.512, 7.516, 7.561, 7.571, 7.601, 7.602, 7.615, 7.637, 7.66, 7.669, 7.677, 7.704, 7.712, 7.717, 7.725, 7.75, 7.786, 7.822, 7.854, 7.869, 7.876, 7.891, 7.908, 7.926, 7.94, 7.954, 7.969, 7.988, 7.989, 8.011, 8.014, 8.035, 8.042, 8.065, 8.075, 8.083, 8.096, 8.105, 8.108, 8.122, 8.14, 8.15, 8.162, 8.17, 8.193, 8.197, 8.201, 8.21, 8.227, 8.238, 8.246, 8.258, 8.261, 8.275, 8.284, 8.29, 8.296, 8.3, 8.304, 8.311, 8.331, 8.336, 8.365, 8.371, 8.384, 8.39, 8.396, 8.418, 8.43, 8.433, 8.438, 8.459, 8.466, 8.475, 8.479, 8.491, 8.501, 8.508, 8.515, 8.516, 8.527, 8.531, 8.551, 8.563, 8.589, 8.594, 8.606, 8.613, 8.639, 8.642, 8.645, 8.668, 8.682, 8.703, 8.707, 8.719, 8.729, 8.735, 8.763, 8.768, 8.77, 8.776, 8.791, 8.804, 8.811, 8.819, 8.832, 8.846, 8.853, 8.861, 8.866, 8.889, 8.905, 8.915, 8.916, 8.929, 8.947, 8.966, 8.97, 8.982, 8.986, 8.991, 8.995, 9.003, 9.006, 9.014, 9.021, 9.028, 9.034, 9.055, 9.058, 9.067, 9.068, 9.084, 9.087, 9.097, 9.101, 9.109, 9.11, 9.113, 9.12, 9.13, 9.137, 9.14, 9.162, 9.166, 9.176, 9.179, 9.182, 9.188, 9.201, 9.203, 9.207, 9.213, 9.223, 9.231, 9.235, 9.244, 9.252, 9.258, 9.269, 9.27, 9.274, 9.281, 9.285, 9.3, 9.306, 9.315, 9.322, 9.325, 9.336, 9.347, 9.357, 9.362, 9.366, 9.378, 9.384, 9.39, 9.395, 9.4, 9.405, 9.419, 9.431, 9.437, 9.44, 9.444, 9.453, 9.459, 9.464, 9.476, 9.482, 9.486, 9.492, 9.495, 9.503, 9.513, 9.524, 9.528, 9.541, 9.545, 9.55, 9.554, 9.575, 9.581, 9.593, 9.596, 9.605, 9.609, 9.616, 9.625, 9.637, 9.643, 9.652, 9.656, 9.666, 9.668, 9.677, 9.682, 9.69, 9.702, 9.707, 9.712, 9.723, 9.733, 9.739, 9.747, 9.749, 9.757, 9.758, 9.76, 9.771, 9.778, 9.781, 9.795, 9.796, 9.801, 9.809, 9.815, 9.825, 9.829, 9.833, 9.849, 9.856, 9.86, 9.875, 9.879, 9.881, 9.896, 9.899, 9.906, 9.91, 9.91, 9.914, 9.917, 9.921, 9.924, 9.932, 9.941, 9.948, 9.964, 9.967, 9.971, 9.976, 9.984, 9.989, 9.992, 9.993],