{
    "records": [
        {
            "name": "GraphOne",
            "conv": [
                256,
                256,
                256,
                256,
                256
            ],
            "dnn": [
                256,
                1
            ],
            "lr": 0.001,
            "epochs": 100,
            "train_losses": [
                0.009515859795226683,
                0.007961853071492562,
                0.007357441061533284,
                0.006893559504420274,
                0.00609113388970499,
                0.005594946533875907,
                0.005469864289990833,
                0.005442246108781595,
                0.005251128780800579,
                0.005147519155507119,
                0.005138511310599192,
                0.0050280089678098865,
                0.004897328077828071,
                0.004829459939973465,
                0.004756563909401043,
                0.0046470725206355324,
                0.004530780249400948,
                0.004528807021292348,
                0.0044073759540767055,
                0.004385058270743699,
                0.004290019811493453,
                0.004240944136285277,
                0.0041933710893595185,
                0.004175825308763445,
                0.004126262424801385,
                0.004070529860121231,
                0.0040308484100402995,
                0.003956506609029211,
                0.003937521451572283,
                0.003878197224244914,
                0.0038115434193118657,
                0.0037811336289090133,
                0.003707497399521034,
                0.0036717989640477396,
                0.003644874339160197,
                0.0036129442584505868,
                0.00360256724729095,
                0.0035752962223573764,
                0.003593927823710994,
                0.0036008344752065814,
                0.0035178531662428095,
                0.003509241707534726,
                0.0034664286949155315,
                0.0034135934553319357,
                0.0033904604470816075,
                0.0033534619403707915,
                0.0033086239697861447,
                0.0033128791426892323,
                0.003271501088299891,
                0.003274043038592119,
                0.003188479024183704,
                0.003167376411252393,
                0.003140127223230726,
                0.0031382425146131905,
                0.0030699283200214277,
                0.0030454584852734412,
                0.002996712271504974,
                0.0029664785310483848,
                0.0029471321864436603,
                0.0029619967861221536,
                0.002927601978040609,
                0.0028717143612861933,
                0.0028143036074266877,
                0.00281383949805071,
                0.0027648276648731917,
                0.0027325536340515708,
                0.00276811753096065,
                0.00274959506260545,
                0.0026304192627777502,
                0.0025619573721636186,
                0.0025494282986491036,
                0.002538388247533428,
                0.0025695080735016708,
                0.0025264322038990304,
                0.00247824570943165,
                0.0025025119402879337,
                0.0024747367758064433,
                0.002461911955569242,
                0.0023943600232613415,
                0.0024225689682481023,
                0.0023805684118734863,
                0.002358281802703615,
                0.002311920465332564,
                0.0023577000152468493,
                0.0023167513977297573,
                0.0022925238673937223,
                0.0022727521514322594,
                0.002235509890348541,
                0.0022451837548197622,
                0.0022091620421152112,
                0.0022538397998270827,
                0.0021886409525852775,
                0.0021799993056277004,
                0.0022338074018236,
                0.00216823354436877,
                0.002152369098179843,
                0.002173878773585973,
                0.002172116908535113,
                0.0021790756398781274,
                0.0021877579216788598
            ],