{
    "records": [
        {
            "conv": [
                256,
                256,
                256,
                256,
                256,
                256
            ],
            "dnn": 0,
            "lr": 0.005,
            "epochs": 25,
            "train_losses": [
                0.0038184832214994144,
                0.002841796330053248,
                0.0024862125170314864,
                0.002313488778284698,
                0.0023688924429403355,
                0.0023036350529472478,
                0.0021216334196499918,
                0.0019284630904145893,
                0.001908988729600548,
                0.001967527930413144,
                0.0016169639165374858,
                0.0015233810323865289,
                0.0014502954955310661,
                0.0013661578798549567,
                0.0013794810382656958,
                0.0012500865141031536,
                0.0012128326803428316,
                0.0011624227268637731,
                0.00111914511181576,
                0.0011247179404784845,
                0.001122123108442853,
                0.0010879202836088693,
                0.0010346555398778221,
                0.0010353628944122155,
                0.0010300329577394324
            ],
            "test_losses": [
                0.0,
                0.0,
                0.0,
                0.0,
                0.0,
                0.0,
                0.0,
                0.0,
                0.0,
                0.0,
                0.0,
                0.0,
                0.0,
                0.0,
                0.0,
                0.0,
                0.0,
                0.0,
                0.0,
                0.0,
                0.0,
                0.0,
                0.0,
                0.0,
                0.0
            ]
        },
        {
            "conv": [
                256,
                256,
                256,
                256,
                256,
                256
            ],
            "dnn": 0,
            "lr": 0.001,
            "epochs": 25,
            "train_losses": [
                0.0034265526872799806,
                0.0026013357449963873,
                0.0023889276294745353,
                0.002150904445204046,
                0.0019817368777636144,
                0.0018912272881093056,
                0.001812700136262252,
                0.0016161097039720693,
                0.001532225170147048,
                0.0014593000411637306,
                0.0013460129339748876,
                0.0013540795874627141,
                0.001277148512509803,
                0.0012319468118193496,
                0.0012030023808032712,
                0.0011773554791974727,
                0.001131163675423342,
                0.0010866559659094231,
                0.001070406264939941,
                0.0010405482846808237,
                0.001045616586975364,
                0.001025636858704401,
                0.0009818996772546316,
                0.0009675793135369167,
                0.0009538154366589684
            ],
            "test_losses": [
                0.0,
                0.0,
                0.0,
                0.0,
                0.0,
                0.0,
                0.0,
                0.0,
                0.0,
                0.0,
                0.0,
                0.0,
                0.0,
                0.0,
                0.0,
                0.0,
                0.0,
                0.0,
                0.0,
                0.0,
                0.0,
                0.0,
                0.0,
                0.0,
                0.0
            ]
        },
        {
            "conv": [
                256,
                256,
                256,
                256,
                256,
                256
            ],
            "dnn": 0,
            "lr": 0.0005,
            "epochs": 25,
            "train_losses": [
                0.0036612833274229793,
                0.0026849939701701357,
                0.002485154081776922,
                0.002272779169025942,
                0.002191461258498417,
                0.002016453821642988,
                0.0019130808505253168,
                0.0018353530961016102,
                0.001768912575347103,
                0.0017041491352227317,
                0.0016761597101557486,
                0.0016336052126731861,
                0.0016142997980397797,
                0.0015231689161506739,
                0.001406181475702133,
                0.0013613616331265522,
                0.0013086764246916602,
                0.0012767424000863531,
                0.001235635561788705,
                0.0011976398248717635,
                0.0011496886204112227,
                0.0011352384845762832,
                0.0011085867832556445,
                0.0010905539145538966,
                0.00107605549541296
            ],
            "test_losses": [
                0.0,
                0.0,
                0.0,
                0.0,
                0.0,
                0.0,
                0.0,
                0.0,
                0.0,
                0.0,
                0.0,
                0.0,
                0.0,
                0.0,
                0.0,
                0.0,
                0.0,
                0.0,
                0.0,
                0.0,
                0.0,
                0.0,
                0.0,
                0.0,
                0.0
            ]
        }
    ]
}