{
    "records": [
        {
            "name": "GraphOne",
            "conv": [
                256,
                256,
                256,
                256,
                256
            ],
            "dnn": [
                256,
                1
            ],
            "lr": 0.001,
            "epochs": 100,
            "train_losses": [
                0.001113540148969545,
                0.0007654700102311895,
                0.00070053720502243,
                0.0006631742320687927,
                0.000616625178861254,
                0.0005840536620395715,
                0.000560379051726423,
                0.0005307199823912353,
                0.0005197392495516392,
                0.0005090940498686229,
                0.0004980044261154818,
                0.0004904038681311252,
                0.0004770802273795105,
                0.0004672518167349428,
                0.00045868724637079155,
                0.00045307053562584025,
                0.0004487062935103267,
                0.00044617558328004985,
                0.0004401952881394452,
                0.0004183865637374638,
                0.00041895998500755653,
                0.0004117146136564013,
                0.00040939911058105865,
                0.00040700783951976894,
                0.0003891912657008476,
                0.00038792779401198457,
                0.00037927437886481975,
                0.0003796705590037129,
                0.000368123321727802,
                0.0003651378613951902,
                0.00036189666305544514,
                0.0003574174958435984,
                0.00035144728939286835,
                0.00035373979979273995,
                0.0003647685621898453,
                0.00035361747005303607,
                0.00035116678247084986,
                0.00034112283982953395,
                0.0003389938757987283,
                0.00033888450363805136,
                0.00032795350331456534,
                0.00032483009786656237,
                0.0003286832391218235,
                0.0003234432541004574,
                0.00032899419804985775,
                0.00031772345693861814,
                0.0003230127665097757,
                0.00031726158875370475,
                0.0003087472966836609,
                0.00030584917504928845,
                0.0003108779122671238,
                0.00030497296511496926,
                0.0003031167303962842,
                0.00031620965252290807,
                0.0003052768540851382,
                0.0003006125669609219,
                0.00029986991677750436,
                0.0002984044273863522,
                0.0003004295120362457,
                0.0003088134047271781,
                0.0002973387427999913,
                0.00029592770980304645,
                0.00029254960266985897,
                0.0003057586524637741,
                0.00033111704149214015,
                0.0003049163792022032,
                0.00028951155022880436,
                0.00028782538113720753,
                0.0002870301853294451,
                0.00028415775190135416,
                0.0002810428760118927,
                0.00028412487780039825,
                0.0002804721595694301,
                0.00028321916632314886,
                0.0002775351952759224,
                0.0002734010800701761,
                0.0002699525249193363,
                0.00027346253970389635,
                0.0002709289151941127,
                0.0002606684403276345,
                0.00026380806981957247,
                0.0002594584723824063,
                0.0002553289241025676,
                0.00025404443722644833,
                0.0002782753845365063,
                0.0002628592396930464,
                0.0002517376277711695,
                0.0002443435576187115,
                0.0002452871798856498,
                0.0002463194932646424,
                0.00024610495438697546,
                0.00024120654326743822,
                0.00023865381816836294,
                0.00024098601395672233,
                0.00023636670758006017,
                0.0002317816222494515,
                0.00022847257189220773,
                0.00024130515244538407,
                0.00023479761060325103,
                0.0002273281623843972
            ],