{
    "records": [
        {
            "conv": [
                32,
                32
            ],
            "pool": [],
            "lr": 0.01,
            "epochs": 10,
            "train_losses": [
                0.8328050729949865,
                0.45605201478561846,
                0.48913517410077567,
                0.5239626407698391,
                0.4340888087372832,
                0.4338086326631652,
                0.43465749168170786,
                0.4155173660646659,
                0.41908860483152865,
                0.42159912415085044
            ],
            "test_losses": [
                0.39000595014025746,
                0.38492864923355685,
                0.5269418893048539,
                0.34588978802737985,
                0.3485688702852167,
                0.5623193507704703,
                0.33981009072154583,
                0.3535973417329486,
                0.35144319309234107,
                0.3244326408061632
            ]
        },
        {
            "conv": [
                64,
                64
            ],
            "pool": [],
            "lr": 0.01,
            "epochs": 10,
            "train_losses": [
                1.2064573900828979,
                0.5173972872264091,
                0.45586129240418094,
                0.4202308646368889,
                0.3986172283588409,
                0.4310467975817982,
                0.40823620637087504,
                0.44752471171354896,
                0.3959099979224625,
                0.39702697628461087
            ],
            "test_losses": [
                0.4668525390656881,
                0.537218376764081,
                0.5311091050494967,
                0.381565433523574,
                0.3589885956978287,
                0.4677756746786235,
                0.2994877663162913,
                0.42518984851707403,
                0.30028102552350294,
                0.3077958337116191
            ]
        },
        {
            "conv": [
                256,
                256
            ],
            "pool": [],
            "lr": 0.01,
            "epochs": 10,
            "train_losses": [
                3.5438590493914686,
                0.57993120039458,
                0.5936196339925585,
                0.5522778795784787,
                0.4911558249900215,
                0.5947639854383356,
                0.49636194647292975,
                0.42048280898065404,
                0.4186006025200361,
                0.42032775861214056
            ],
            "test_losses": [
                0.6633335381677534,
                0.6184028677320141,
                0.43929052231414534,
                0.37977163883648624,
                0.3546661324984899,
                0.3493270812015908,
                0.3943020788341923,
                0.33096086639582495,
                0.35707912315533274,
                0.5877018033186323
            ]
        },
        {
            "conv": [
                512,
                512
            ],
            "pool": [],
            "lr": 0.01,
            "epochs": 10,
            "train_losses": [
                12.652083909160007,
                0.47231492485175847,
                0.4795438313004473,
                0.49547208668799575,
                0.4650941081972815,
                0.5116754360319796,
                0.5007882041879926,
                0.4322092754059825,
                0.570122615840304,
                0.47597096780313963
            ],
            "test_losses": [
                0.41352787482286657,
                0.5398304204112825,
                0.44845327046152306,
                0.38195935952820415,
                0.35847283911214467,
                0.3575557339372987,
                0.3808240432627565,
                0.3494021259999331,
                0.37191007930572273,
                0.41997145226817945
            ]
        },
        {
            "conv": [
                1024,
                1024
            ],
            "pool": [],
            "lr": 0.01,
            "epochs": 10,
            "train_losses": [
                21.29635705965446,
                0.5491216069534446,
                0.8015001204604608,
                0.6049370236352557,
                0.45770333238812505,
                0.4516961427310241,
                0.4233961922904667,
                0.41906937057700094,
                0.5003158069168898,
                0.5251304276551334
            ],
            "test_losses": [
                0.5025808590697833,
                0.5662791131287895,
                0.9588506031822241,
                0.38223588560954946,
                0.37743204359484633,
                0.3525287140502121,
                0.33748977757826387,
                0.5989220066385315,
                0.36079419625697035,
                0.4505170674770909
            ]
        },
        {
            "conv": [
                32,
                32,
                32
            ],
            "pool": [],
            "lr": 0.01,
            "epochs": 10,
            "train_losses": [
                0.8723901150355222,
                0.7848085269551274,
                0.5301080796516683,
                0.46605872613242694,
                0.46864502773873634,
                0.47197669922627283,
                0.4423192620358192,
                0.53205947353041,
                0.444831559554044,
                0.4550280518164601
            ],
            "test_losses": [
                0.5167654083853631,
                0.6108854844885553,
                0.3649154368240306,
                0.3487450010029761,
                0.3965284551099631,
                0.4397602854996406,
                0.3669002757674328,
                0.4328324691884927,
                0.34029143716072807,
                0.35090240702891595
            ]
        },
        {
            "conv": [
                64,
                64,
                64
            ],
            "pool": [],
            "lr": 0.01,
            "epochs": 10,
            "train_losses": [
                1.075236671078148,
                0.5141952704261403,
                0.4503233998270691,
                0.7079237737790828,
                1.0423960829387098,
                1.0418628665868581,
                1.0417337643727875,
                1.0416972152155173,
                1.0416864339867473,
                1.0416832084478915
            ],
            "test_losses": [
                0.7568488735812813,
                0.43126104032921525,
                0.3265503431838837,
                0.9607846503307519,
                0.9607594935003484,
                0.9607402151085747,
                0.9607340948325509,
                0.9607322100045955,
                0.9607316509109902,
                0.9607314845482566
            ]
        },
        {
            "conv": [
                256,
                256,
                256
            ],
            "pool": [],
            "lr": 0.01,
            "epochs": 10,
            "train_losses": [
                4.886687219447625,
                0.47582221473730424,
                0.46610929714418203,
                0.6092273183280482,
                0.46599460107210633,
                0.48727384302960086,
                0.4996394389826863,
                0.4908645935474843,
                0.9146261675349854,
                1.2160393948778305
            ],