{
    "records": [
        {
            "name": "GraphOne",
            "conv": [
                256,
                256,
                256,
                256,
                256
            ],
            "dnn": [
                256,
                1
            ],
            "lr": 0.001,
            "epochs": 100,
            "train_losses": [
                0.0009934926909084434,
                0.0007339488328544966,
                0.0006531883794849381,
                0.0005961407490884324,
                0.0005472421426008347,
                0.0005141752655612552,
                0.0004618592983079868,
                0.0004250373532561087,
                0.0004002921906319926,
                0.0003923721540750202,
                0.00038389847638864156,
                0.00037171338284156197,
                0.0003654280383245973,
                0.00036061888832286703,
                0.00035106683112081077,
                0.00034798010469407157,
                0.00033943806855447455,
                0.0003368068306843859,
                0.0003304037096423946,
                0.00033367548280256845,
                0.0003282681501941444,
                0.000317731959441697,
                0.0003098671844620361,
                0.0003068982612195871,
                0.0003047412731919935,
                0.00029732376888009506,
                0.0002935386452824048,
                0.00028837551665506243,
                0.00028311488997406347,
                0.0002792174683300102,
                0.00027812293466775097,
                0.00027106007853912274,
                0.00027081968068059386,
                0.00027591453254143574,
                0.00026251232808891515,
                0.0002563882222158755,
                0.000256439254198486,
                0.00024757554294144407,
                0.00024522174084983325,
                0.0002445664957983952,
                0.00024101949103398412,
                0.00023943705661914026,
                0.00023430231463893292,
                0.00023350705786950927,
                0.0002296995804793157,
                0.00023110516280820377,
                0.00022897492188303574,
                0.0002240391957485882,
                0.000225714354158197,
                0.00022125794586060632,
                0.00022022220988772136,
                0.0002160781469906824,
                0.00021284003491040527,
                0.0002106973577805673,
                0.00020813666989187663,
                0.00020768053912040242,
                0.0002068068501139853,
                0.00020362465618083147,
                0.00020303059516464265,
                0.00020121281516350181,
                0.00020006086223250906,
                0.00019992315790796396,
                0.000203641846620838,
                0.00021125192959170052,
                0.0002021651308828223,
                0.0001987839163189126,
                0.00019798328770787965,
                0.0001985093864001639,
                0.00019515051229912576,
                0.0001991841938824953,
                0.00019504889504746225,
                0.0001934670006535984,
                0.00019878983877685027,
                0.00019135681022891836,
                0.0001914867700373964,
                0.00019492830631191442,
                0.00018784863092225705,
                0.0001862546482612914,
                0.00018690773630487825,
                0.00018714699328364055,
                0.0001803527835793624,
                0.00017645506458198473,
                0.0001809248794130822,
                0.0001781669249364644,
                0.00017476122315539488,
                0.00017353619000546304,
                0.00017333989853136878,
                0.00017111239401734944,
                0.00016900886704142014,
                0.00016740604034065791,
                0.0001679434729795991,
                0.00016657166178551632,
                0.0001674839069227641,
                0.0001657200613461086,
                0.00016597853247641073,
                0.00016334703365314596,
                0.00016103093117807724,
                0.0001595559633307525,
                0.0001606653737165473,
                0.00015936207238662856
            ],