{
    "records": [
        {
            "name": "GraphOne",
            "conv": [
                256,
                256,
                256,
                256,
                256
            ],
            "dnn": [
                256,
                1
            ],
            "lr": 0.001,
            "epochs": 100,
            "train_losses": [
                0.00816941042547395,
                0.0049964772826210065,
                0.004729815701637376,
                0.0045935700083973895,
                0.004475291309409688,
                0.004244916001193188,
                0.004010374258308774,
                0.00382136581103307,
                0.003701515813737317,
                0.0036244426831592113,
                0.0035449950790285276,
                0.0034524621554261996,
                0.003357160928252609,
                0.0032604839725040398,
                0.003105578981781326,
                0.003002036685924604,
                0.002916795812813606,
                0.0028135187832504446,
                0.00277755761422788,
                0.0027014630463584057,
                0.002644728644596427,
                0.00260558775027018,
                0.0025517540500763266,
                0.002510340549766586,
                0.002477753955487674,
                0.002432104556755761,
                0.0024287272477107463,
                0.002382819838739859,
                0.002402274660110674,
                0.0023864776339810436,
                0.0023191990693110245,
                0.002278855962049315,
                0.002274436445134709,
                0.002243150167399212,
                0.002276065452826077,
                0.002231529964720214,
                0.002207363653047987,
                0.0022165701019822696,
                0.002198114483389225,
                0.002192052141967854,
                0.002171690185652272,
                0.0021622703174656263,
                0.0021508890427270125,
                0.002178331672414064,
                0.002121177811636119,
                0.002094879607378318,
                0.0020889697462254703,
                0.002049148465535345,
                0.002068744459666708,
                0.002018442004997175,
                0.002020192482854706,
                0.0020037273325309623,
                0.001985624013825059,
                0.0019682735764056593,
                0.001921615665771682,
                0.0019039941372155918,
                0.0018948982587410142,
                0.0018999240515153839,
                0.0018820536780984843,
                0.0018465163023501582,
                0.001823422063368227,
                0.0018016553651965287,
                0.0018472765631254232,
                0.0018370432496583348,
                0.0018173127310248782,
                0.0018001208268359882,
                0.0017651339425122673,
                0.001766785462097363,
                0.0017682111955756496,
                0.0017142901071102673,
                0.0017534407261746152,
                0.0016999589024418065,
                0.0017031592943764114,
                0.0016841659621396404,
                0.001695426944805364,
                0.0016703488920624182,
                0.0016751386771302584,
                0.0016864819091434084,
                0.0016716453149606936,
                0.0016402403263597227,
                0.001627208924186021,
                0.0016343888823836306,
                0.001652156655438681,
                0.0016580361267849624,
                0.0016302235961222881,
                0.0016097018581723171,
                0.001630805735132086,
                0.001616099940551781,
                0.001579167802366081,
                0.0016793874142691687,
                0.0016232648866536846,
                0.0015754134128512958,
                0.0015751863205296646,
                0.001566187578501586,
                0.0015562733501911514,
                0.0015551515319655624,
                0.0015358511470605883,
                0.0015347590405348276,
                0.0015259370437467874,
                0.0015145337649132703
            ],