{
    "records": [
        {
            "name": "GraphOne",
            "conv": [
                256,
                256,
                256,
                256,
                256
            ],
            "dnn": [
                256,
                1
            ],
            "lr": 0.001,
            "epochs": 100,
            "train_losses": [
                0.006169713656107584,
                0.0032495498061180113,
                0.0027780840396881105,
                0.002549757381280263,
                0.002355310539404551,
                0.0022177089055379234,
                0.0021818337043126423,
                0.0020564177731672924,
                0.0020190637211004894,
                0.0019723185102144877,
                0.0019393263558546703,
                0.0019120845297972361,
                0.0018836214145024617,
                0.0018569197356700898,
                0.0018400040566921233,
                0.0018155461549758912,
                0.0018047328293323518,
                0.0017797699570655822,
                0.0017755286991596223,
                0.0017469209929307302,
                0.0017530385355154674,
                0.0017168250580628713,
                0.001726985901594162,
                0.0016924748420715332,
                0.0017076910634835562,
                0.0016710330446561177,
                0.001693145861228307,
                0.0016538379689057668,
                0.001661752959092458,
                0.0016384542683760325,
                0.001668802003065745,
                0.001631035675605138,
                0.0015952875316143035,
                0.0015932599405447641,
                0.0015711634556452433,
                0.0015531585017840067,
                0.001553826004266739,
                0.0015406820178031921,
                0.001523103137811025,
                0.0015048805077870688,
                0.0015363267461458842,
                0.0015147491693496705,
                0.0014880090653896332,
                0.0014744787911574045,
                0.0014826031625270843,
                0.0014604388276735943,
                0.0014341891209284465,
                0.0015212709506352742,
                0.001480547845363617,
                0.0014411032994588217,
                0.001454099267721176,
                0.0014372660120328268,
                0.0014616623421510062,
                0.0014616446296374004,
                0.001416065275669098,
                0.0014121069014072418,
                0.001426588257153829,
                0.0014474890132745108,
                0.0014341478149096172,
                0.0014435955584049226,
                0.0014492107431093853,
                0.0015363069474697113,
                0.0015885224640369414,
                0.0014726768732070924,
                0.0013766530950864156,
                0.001362718015909195,
                0.0014534580806891124,
                0.0014461514155069987,
                0.0013537744681040445,
                0.0012941255966822307,
                0.001300955221056938,
                0.0013568407744169236,
                0.0014048321197430292,
                0.0013847340494394303,
                0.0012953471690416336,
                0.001256057654817899,
                0.0012584501802921295,
                0.0012808648447195689,
                0.0012455397645632425,
                0.0012354057083527248,
                0.00130038021504879,
                0.0012622738629579544,
                0.0011862004548311234,
                0.001133979707956314,
                0.0011508082300424576,
                0.0011424454003572464,
                0.0011058663378159205,
                0.0011428947101036707,
                0.0011585568636655807,
                0.0011876205106576283,
                0.0011641548673311868,
                0.0011442042787869772,
                0.0011358550439278285,
                0.0010968029548724491,
                0.0010705910871426265,
                0.0010543386538823445,
                0.001057252749800682,
                0.0010704973389705022,
                0.0010976408620675404,
                0.001121442933877309
            ],